{"cameraMode":{"drawMode":0,"name":"Shaded","section":"Shading Mode"},"sceneLighting":true,"audioPlay":false,"sceneViewState":{"m_AlwaysRefresh":false,"showFog":true,"showSkybox":true,"showFlares":true,"showImageEffects":true,"showParticleSystems":true,"showVisualEffectGraphs":true,"m_FxEnabled":true},"in2DMode":false,"pivot":{"x":-4.0876569747924809,"y":2.7288763523101808,"z":-16.198375701904298},"rotation":{"x":0.0014852843014523388,"y":-0.9873858094215393,"z":0.00928039476275444,"w":0.15812434256076814},"size":11.402249336242676,"orthographic":false}